step,x_exact,y_exact,yaw_exact,steeringAngle_exact,x_approx,y_approx,yaw_approx,steeringAngle_approx,error
0,0.75,0,0,0,0.75,0,0,0,0
1,1.5,0,0,0,1.5,0,0,0,0
2,2.25,0,0,0,2.25,0,0,0,0
3,3,0,0,0,3,0,0,0,0
4,3.75,0,0,0,3.75,0,0,0,0
5,4.5,0,0,0,4.5,0,0,0,0
6,5.25,0,0,0,5.25,0,0,0,0
7,6,0,0,0,6,0,0,0,0
8,6.75,0,0,0,6.75,0,0,0,0
9,7.49991,0.0118397,0.0157869,0.0420735,7.5,0.0118332,0.0157776,0.0420735,4.99767e-05
10,8.24906,0.0473889,0.0474167,0.0841471,8.24953,0.0473573,0.04737,0.0841471,0.000250458
11,8.99568,0.118534,0.0950025,0.126221,8.997,0.118471,0.0948897,0.126221,0.000692346
12,9.73625,0.237071,0.158715,0.168294,9.73911,0.23703,0.158507,0.168294,0.00144761
13,10.465,0.414465,0.238788,0.210368,10.4702,0.414621,0.238453,0.210368,0.0027126
14,11.1732,0.661408,0.335517,0.252441,11.1819,0.662149,0.335023,0.252441,0.00475035
15,11.8487,0.987138,0.449268,0.294515,11.8622,0.989174,0.448579,0.294515,0.00776102
16,12.4759,1.39846,0.580482,0.336588,12.4954,1.40295,0.579559,0.336588,0.0120142
17,13.0349,1.89843,0.72968,0.378662,13.0618,1.90715,0.728482,0.378662,0.0177841
18,13.5017,2.48546,0.899004,0.424127,13.5371,2.501,0.897429,0.424127,0.0254408
19,13.849,3.15019,1.0893,0.469592,13.8935,3.17609,1.08728,0.469592,0.0351619
20,14.0485,3.87317,1.30156,0.515057,14.1015,3.91394,1.29901,0.515057,0.0468847
21,14.0739,4.62274,1.53693,0.560521,14.1333,4.68368,1.53378,0.560521,0.060135
22,13.9059,5.35367,1.79679,0.605986,13.9668,5.44036,1.79293,0.605986,0.073805
23,13.5385,6.00752,2.08273,0.651451,13.593,6.12482,2.07802,0.651451,0.0859133
24,12.9871,6.51598,2.39662,0.696916,13.0236,6.6664,2.39092,0.696916,0.0934122
25,12.2966,6.80869,2.74067,0.742381,12.2997,6.98996,2.7338,0.742381,0.0921802
26,11.5469,6.82813,3.11567,0.785398,11.5,7.03006,3.10756,0.785398,0.124383
27,10.8421,6.57161,3.49067,0.785398,10.7409,6.77449,3.48256,0.785398,0.152043
28,10.2803,6.07478,3.86567,0.785398,10.1281,6.25864,3.85756,0.785398,0.167999
29,9.93945,5.40669,4.24067,0.785398,9.74689,5.55418,4.23256,0.785398,0.170033
30,9.86703,4.66019,4.61567,0.785398,9.65015,4.75905,4.60756,0.785398,0.157862
31,10.0731,3.93904,4.99067,0.785398,9.85138,3.98373,4.98256,0.785398,0.133178
32,10.5289,3.34347,5.36567,0.785398,10.3226,3.336,5.35756,0.785398,0.10688
33,11.1712,2.95625,5.74067,0.785398,10.9983,2.90588,5.73256,0.785398,0.111624
34,11.9107,2.8312,6.11567,0.785398,11.7846,2.75315,6.10756,0.785398,0.102064
35,12.6446,2.98569,6.49067,0.785398,12.5722,2.89903,6.48256,0.785398,0.0795271
36,13.282,3.38098,6.83831,0.747558,13.2559,3.30239,6.82918,0.747558,0.052352
37,13.7614,3.95772,7.16045,0.709718,13.7717,3.89775,7.15044,0.709718,0.0351328
38,14.0502,4.64989,7.45869,0.671878,14.0868,4.614,7.44791,0.671878,0.0362166
39,14.1397,5.39453,7.73443,0.634038,14.1935,5.3845,7.72299,0.634038,0.0319242
40,14.0388,6.13772,7.9889,0.596198,14.1027,6.15295,7.97687,0.596198,0.039553
41,13.7682,6.83719,8.22315,0.558357,13.8368,6.8758,8.21061,0.558357,0.0535983
42,13.3546,7.46283,8.43812,0.520517,13.4242,7.52244,8.42514,0.520517,0.0645961
43,12.8268,7.99568,8.63462,0.482677,12.895,8.07388,8.62125,0.482677,0.0731983
44,12.2126,8.42619,8.81339,0.444837,12.278,8.52085,8.79967,0.444837,0.0800219
45,11.5387,8.75526,8.97056,0.396891,11.6011,8.86444,8.95637,0.396891,0.0857841
46,10.8262,8.9896,9.107,0.348945,10.8858,9.112,9.09241,0.348945,0.0909791
47,10.0914,9.13961,9.22341,0.300998,10.1484,9.27442,9.20848,0.300998,0.0959292
48,9.34547,9.21776,9.32038,0.253052,9.40035,9.36455,9.30518,0.253052,0.100829
49,8.59574,9.23755,9.39839,0.205106,8.64874,9.3961,9.38297,0.205106,0.105782
50,7.84615,9.21277,9.45782,0.15716,7.89754,9.38305,9.44223,0.15716,0.110837
51,7.09821,9.1572,9.49894,0.109214,7.14819,9.33922,9.48322,0.109214,0.116003
52,6.35174,9.08444,9.52194,0.0612673,6.40048,9.27825,9.50614,0.0612673,0.121271
53,5.60565,9.00796,9.52694,0.0133211,5.65326,9.21359,9.5111,0.0133211,0.12662
54,4.85955,8.93165,9.52669,-0.000649658,4.90604,9.14911,9.51086,-0.000649658,0.131976
55,4.11303,8.85944,9.52121,-0.0146204,4.15846,9.08873,9.50537,-0.0146204,0.137361
56,3.36578,8.79523,9.51049,-0.0285912,3.41025,9.03637,9.49465,-0.0285912,0.142797
57,2.61761,8.74297,9.49452,-0.042562,2.66124,8.99595,9.47868,-0.042562,0.148306
58,1.86849,8.7066,9.47329,-0.0565328,1.91147,8.97144,9.45746,-0.0565328,0.153909
59,1.11867,8.69008,9.44681,-0.0705035,1.16122,8.96677,9.43098,-0.0705035,0.159625
60,0.368707,8.69737,9.41506,-0.0844743,0.41109,8.98593,9.39924,-0.0844743,0.165474
61,-0.380473,8.73242,9.37802,-0.0984451,-0.337956,9.03285,9.36221,-0.0984451,0.171472
62,-1.1275,8.79915,9.33569,-0.112416,-1.0845,9.11143,9.31988,-0.112416,0.177637
63,-1.8722,8.88818,9.30579,-0.0795665,-1.82804,9.21223,9.29002,-0.0795665,0.184103
64,-2.61522,8.99026,9.28825,-0.0467172,-2.56947,9.326,9.27252,-0.0467172,0.190743
65,-3.3577,9.0962,9.28305,-0.0138679,-3.31021,9.4436,9.26733,-0.0138679,0.197448
66,-4.10091,9.19685,9.29017,0.0189815,-4.05177,9.55593,9.27445,0.0189815,0.204113
67,-4.84595,9.28302,9.30963,0.0518308,-4.79549,9.65383,9.29389,0.0518308,0.210633
68,-5.59334,9.34544,9.34146,0.0846801,-5.54219,9.72806,9.3257,0.0846801,0.216891
69,-6.34277,9.37471,9.38574,0.117529,-6.29179,9.76924,9.36994,0.117529,0.222752
70,-7.09265,9.36138,9.44256,0.150379,-7.043,9.76783,9.4267,0.150379,0.228055
71,-7.8398,9.29601,9.51205,0.183228,-7.7929,9.71432,9.49613,0.183228,0.232607
72,-8.5782,9.16459,9.60092,0.232696,-8.53625,9.59452,9.5848,0.232696,0.235939
73,-9.29797,8.95383,9.70963,0.282164,-9.2637,9.3947,9.69327,0.282164,0.237572
74,-9.98462,8.65213,9.83876,0.331632,-9.9612,9.10259,9.82209,0.331632,0.236936
75,-10.6184,8.25105,9.98902,0.3811,-10.6093,8.70873,9.97197,0.3811,0.233379
76,-11.174,7.74729,10.1613,0.430568,-11.1827,8.20848,10.1438,0.430568,0.234973
77,-11.6213,7.1453,10.3565,0.480036,-11.6509,7.60464,10.3385,0.480036,0.244467
78,-11.9269,6.46036,10.576,0.529503,-11.9791,6.91057,10.5573,0.529503,0.25122
79,-12.0571,5.72175,10.8211,0.578971,-12.1314,6.15368,10.8017,0.578971,0.253158
80,-11.9836,4.97535,11.0936,0.628439,-12.0761,5.37848,11.0733,0.628439,0.247787
81,-11.7037,4.27957,11.3781,0.649045,-11.8053,4.6473,11.3576,0.649045,0.234665
82,-11.2324,3.69613,11.675,0.669651,-11.3315,4.02472,11.6543,0.669651,0.213872
83,-10.6057,3.28406,11.9847,0.690257,-10.6889,3.5737,11.9637,0.690257,0.186421
84,-9.8807,3.09213,12.3076,0.710863,-9.93387,3.34796,12.2864,0.710863,0.154506
85,-9.13296,3.15041,12.6442,0.731469,-9.14337,3.38316,12.6227,0.731469,0.121573
86,-8.4508,3.46211,12.995,0.752075,-8.40937,3.6879,12.9733,0.752075,0.13361
87,-7.92515,3.99708,13.3606,0.772681,-7.82905,4.23634,13.3386,0.772681,0.167681
88,-7.63197,4.6874,13.7356,0.785398,-7.48794,4.96104,13.7135,0.785398,0.208836
89,-7.61201,5.43714,14.1106,0.785398,-7.43597,5.76036,14.0885,0.785398,0.249632
90,-7.85399,6.14703,14.4657,0.758197,-7.66509,6.52241,14.4431,0.758197,0.282146
91,-8.31666,6.73731,14.802,0.730996,-8.1311,7.16176,14.7788,0.730996,0.305003
92,-8.94082,7.15316,15.1203,0.703795,-8.77099,7.61988,15.0967,0.703795,0.31828
93,-9.66023,7.36515,15.4214,0.676594,-9.51463,7.86558,15.3975,0.676594,0.323014
94,-10.4102,7.36654,15.7061,0.649393,-10.2939,7.89166,15.6818,0.649393,0.320708
95,-11.1336,7.16859,15.9751,0.622192,-11.0489,7.70985,15.9505,0.622192,0.312979
96,-11.7842,6.79534,16.2289,0.594991,-11.7313,7.34518,16.204,0.594991,0.301334
97,-12.3277,6.27859,16.4681,0.56779,-12.3057,6.83064,16.4429,0.56779,0.287057
98,-12.7423,5.65355,16.6932,0.540589,-12.749,6.20262,16.6677,0.540589,0.277902
99,-13.0241,4.95854,16.8935,0.490589,-13.0567,5.50245,16.8673,0.490589,0.288216
100,-13.1794,4.22478,17.0703,0.44059,-13.2355,4.76218,17.0435,0.44059,0.296752
101,-13.2199,3.47588,17.2247,0.39059,-13.298,4.00594,17.1974,0.39059,0.304085
102,-13.1609,2.72821,17.3576,0.340591,-13.2599,3.25035,17.3299,0.340591,0.310601
103,-13.0185,1.99184,17.4697,0.290591,-13.1379,2.50561,17.4417,0.290591,0.316554
104,-12.8091,1.27167,17.5617,0.240592,-12.9483,1.77671,17.5334,0.240592,0.322117
105,-12.5482,0.568514,17.6341,0.190592,-12.707,1.06452,17.6055,0.190592,0.327415
106,-12.2503,-0.119807,17.6871,0.140593,-12.4287,0.36695,17.6585,0.140593,0.332549
107,-11.9292,-0.797584,17.7212,0.0905931,-12.1271,-0.320198,17.6924,0.0905931,0.337613
108,-11.592,-1.46748,17.7452,0.0637644,-11.8092,-0.999735,17.7163,0.0637644,0.342476
109,-11.2455,-2.13264,17.759,0.0369358,-11.482,-1.67468,17.7302,0.0369358,0.347236
110,-10.8964,-2.79648,17.7628,0.0101071,-11.1523,-2.34832,17.7339,0.0101071,0.351986
111,-10.5516,-3.46249,17.7565,-0.0167215,-10.8268,-3.02402,17.7277,-0.0167215,0.35682
112,-10.2177,-4.13405,17.7402,-0.0435502,-10.5123,-3.70503,17.7113,-0.0435502,0.361834
113,-9.90161,-4.8142,17.7138,-0.0703788,-10.2159,-4.39425,17.6849,-0.0703788,0.367118
114,-9.61063,-5.50546,17.6772,-0.0972075,-9.94475,-5.09406,17.6484,-0.0972075,0.372761
115,-9.35227,-6.20955,17.6304,-0.124036,-9.70649,-5.80607,17.6016,-0.124036,0.378851
116,-9.13445,-6.92723,17.5734,-0.150865,-9.50903,-6.53087,17.5447,-0.150865,0.385467
117,-8.95203,-7.6547,17.5245,-0.129856,-9.34736,-7.26416,17.4957,-0.129856,0.392937
118,-8.79956,-8.38904,17.4835,-0.108848,-9.21591,-8.00319,17.4548,-0.108848,0.401099
119,-8.67142,-9.12802,17.4505,-0.0878397,-9.10895,-8.74594,17.4218,-0.0878397,0.409804
120,-8.56187,-9.86997,17.4254,-0.0668313,-9.02069,-9.49096,17.3967,-0.0668313,0.418914
121,-8.46509,-10.6137,17.4082,-0.045823,-8.94526,-10.2373,17.3795,-0.045823,0.428297
122,-8.37524,-11.3583,17.3989,-0.0248146,-8.87678,-10.9842,17.3702,-0.0248146,0.437833
123,-8.28645,-12.103,17.3974,-0.00380628,-8.80937,-11.7311,17.3688,-0.00380628,0.447402
124,-8.19286,-12.8472,17.4039,0.0172021,-8.73714,-12.4777,17.3752,0.0172021,0.456886
125,-8.08861,-13.5899,17.4182,0.0382104,-8.65421,-13.2231,17.3895,0.0382104,0.466167
126,-7.95992,-14.3288,17.4512,0.0877408,-8.54674,-13.9658,17.4225,0.0877408,0.474878
127,-7.79315,-15.06,17.503,0.137271,-8.40093,-14.7025,17.4742,0.137271,0.48262
128,-7.57501,-15.7776,17.5739,0.186802,-8.20326,-15.4279,17.5449,0.186802,0.488927
129,-7.29304,-16.4725,17.6642,0.236332,-7.94078,-16.1338,17.635,0.236332,0.493254
130,-6.93634,-17.1323,17.7744,0.285862,-7.6019,-16.8079,17.745,0.285862,0.494968
131,-6.49669,-17.7399,17.9051,0.335393,-7.17739,-17.4339,17.8754,0.335393,0.493359
132,-5.97015,-18.274,18.057,0.384923,-6.66198,-17.9905,18.0269,0.384923,0.487686
133,-5.35909,-18.7089,18.231,0.434453,-6.05635,-18.4516,18.2005,0.434453,0.477259
134,-4.6747,-19.0156,18.4282,0.483984,-5.36975,-18.7875,18.3971,0.483984,0.461596
135,-3.94092,-19.1708,18.6412,0.516498,-4.62549,-18.9719,18.6098,0.516498,0.441716
136,-3.19109,-19.155,18.8706,0.549013,-3.85614,-18.9832,18.8389,0.549013,0.418472
137,-2.46777,-18.9568,19.1171,0.581527,-3.10421,-18.8066,19.085,0.581527,0.393335
138,-1.82137,-18.5764,19.3814,0.614041,-2.42109,-18.4391,19.349,0.614041,0.368535
139,-1.30692,-18.0307,19.6645,0.646556,-1.8642,-17.8938,19.6316,0.646556,0.347076
140,-0.978524,-17.3564,19.9671,0.67907,-1.49181,-17.2045,19.9338,0.67907,0.332604
141,-0.881404,-16.6127,20.2905,0.711584,-1.35511,-16.4283,20.2566,0.711584,0.329054
142,-1.04169,-15.8801,20.6357,0.744099,-1.48784,-15.6462,20.6012,0.744099,0.339988
143,-1.45512,-15.2543,21.0042,0.776613,-1.89406,-14.9581,20.969,0.776613,0.367584
144,-2.06161,-14.8131,21.3622,0.762218,-2.5142,-14.4581,21.3268,0.762218,0.403783
145,-2.78217,-14.605,21.71,0.747823,-3.26547,-14.201,21.6745,0.747823,0.443646
146,-3.53096,-14.6476,22.0479,0.733428,-4.05706,-14.2082,22.0123,0.733428,0.482732
147,-4.22604,-14.9293,22.3762,0.719033,-4.80169,-14.4701,22.3404,0.719033,0.517409
148,-4.79778,-15.4147,22.6951,0.704637,-5.4246,-14.9514,22.6592,0.704637,0.545054
149,-5.19442,-16.0512,23.0047,0.690242,-5.86959,-15.5982,22.9687,0.690242,0.564091
150,-5.38473,-16.7767,23.3054,0.675847,-6.10197,-16.3461,23.2693,0.675847,0.573913
151,-5.35822,-17.5262,23.5973,0.661452,-6.10881,-17.1274,23.5611,0.661452,0.574725
152,-5.12323,-18.2385,23.8806,0.647057,-5.89702,-17.8775,23.8443,0.647057,0.567355
153,-4.71555,-18.868,24.1366,0.598987,-5.50435,-18.5445,24.0993,0.598987,0.556118
154,-4.17489,-19.3878,24.367,0.550917,-4.97251,-19.1007,24.3289,0.550917,0.542356
155,-3.53924,-19.7858,24.5733,0.502847,-4.34104,-19.5337,24.5345,0.502847,0.52696
156,-2.84166,-20.0613,24.7566,0.454777,-3.6441,-19.8428,24.7172,0.454777,0.510448
157,-2.10886,-20.221,24.9182,0.406707,-2.90917,-20.0351,24.8783,0.406707,0.493114
158,-1.36091,-20.2765,25.0587,0.358638,-2.15686,-20.1222,25.0184,0.358638,0.475129
159,-0.61172,-20.2417,25.1791,0.310568,-1.40149,-20.1183,25.1384,0.310568,0.456603
160,0.13018,-20.1318,25.2798,0.262498,-0.651929,-20.0387,25.2389,0.262498,0.437621
161,0.860641,-19.9617,25.3615,0.214428,0.0873772,-19.8985,25.3203,0.214428,0.41826
162,1.57807,-19.7431,25.4285,0.176879,0.814859,-19.7093,25.3873,0.176879,0.398511
163,2.28301,-19.4871,25.4811,0.139329,1.53078,-19.4823,25.4398,0.139329,0.378471
164,2.97764,-19.2042,25.5194,0.10178,2.23705,-19.2284,25.478,0.10178,0.38236
165,3.66524,-18.9047,25.5435,0.0642304,2.93668,-18.9575,25.5021,0.0642304,0.390694
166,4.3498,-18.5983,25.5536,0.0266811,3.63341,-18.6798,25.512,0.0266811,0.398944
167,5.03562,-18.2948,25.5495,-0.0108683,4.33124,-18.405,25.508,-0.0108683,0.4073
168,5.72683,-18.0037,25.5313,-0.0484176,5.03405,-18.1428,25.4898,-0.0484176,0.415946
169,6.42709,-17.7351,25.499,-0.085967,5.74522,-17.9033,25.4575,-0.085967,0.425062
170,7.13909,-17.4994,25.4524,-0.123516,6.46714,-17.6971,25.411,-0.123516,0.434821
171,7.86071,-17.295,25.4087,-0.116023,7.19729,-17.5226,25.3673,-0.116023,0.445489
172,8.59007,-17.1203,25.3679,-0.108529,7.93387,-17.3781,25.3264,-0.108529,0.456986
173,9.32555,-16.9734,25.3299,-0.101035,8.67534,-17.2617,25.2884,-0.101035,0.469235
174,10.0657,-16.8525,25.2947,-0.0935409,9.42035,-17.1714,25.2533,-0.0935409,0.482161
175,10.8094,-16.7556,25.2623,-0.0860471,10.1678,-17.1054,25.2209,-0.0860471,0.495695
176,11.5557,-16.6807,25.2328,-0.0785532,10.9169,-17.0614,25.1914,-0.0785532,0.509767
177,12.3037,-16.6257,25.2061,-0.0710593,11.6668,-17.0374,25.1647,-0.0710593,0.524316
178,13.0528,-16.5886,25.1822,-0.0635655,12.4169,-17.0313,25.1408,-0.0635655,0.53928
179,13.8025,-16.5672,25.1612,-0.0560716,13.167,-17.041,25.1198,-0.0560716,0.554603
180,14.5522,-16.5488,25.1573,-0.0104244,13.9169,-17.0536,25.1159,-0.0104244,0.570055
181,15.3017,-16.5205,25.1705,0.0352229,14.667,-17.0564,25.1291,0.0352229,0.585272
182,16.05,-16.4694,25.2009,0.0808702,15.4171,-17.0363,25.1595,0.0808702,0.599875
183,16.7949,-16.3827,25.2486,0.126517,16.1659,-16.9806,25.2071,0.126517,0.613444
184,17.5327,-16.2477,25.3138,0.172165,16.9102,-16.8762,25.2722,0.172165,0.625489
185,18.2567,-16.0519,25.3968,0.217812,17.6442,-16.7104,25.355,0.217812,0.635435
186,18.9572,-15.7841,25.4979,0.263459,18.3591,-16.4712,25.456,0.263459,0.642604
187,19.6207,-15.4345,25.6177,0.309106,19.0418,-16.148,25.5755,0.309106,0.646223
188,20.2295,-14.9963,25.7566,0.354754,19.6749,-15.7327,25.7141,0.354754,0.645449
189,20.7622,-14.4684,25.9136,0.396587,20.2371,-15.2226,25.8709,0.396587,0.6396
190,21.1943,-13.8554,26.0895,0.438419,20.7034,-14.6205,26.0463,0.438419,0.628031
191,21.4993,-13.1702,26.2848,0.480252,21.0458,-13.9374,26.2413,0.480252,0.610347
192,21.6504,-12.4356,26.5006,0.522085,21.2357,-13.1941,26.4566,0.522085,0.586621
193,21.6248,-11.686,26.7377,0.563918,21.247,-12.4235,26.6932,0.563918,0.557648
194,21.4075,-10.9682,26.9975,0.60575,21.0604,-11.6715,26.9523,0.60575,0.525242
195,20.998,-10.3398,27.2811,0.647583,20.67,-10.9969,27.2353,0.647583,0.492522
196,20.4168,-9.86587,27.5902,0.689416,20.0905,-10.4677,27.5436,0.689416,0.464084
197,19.7117,-9.61034,27.9267,0.731249,19.364,-10.1545,27.8791,0.731249,0.445904
198,18.9617,-9.6017,28.2628,0.730806,18.5748,-10.0984,28.2152,0.730806,0.441812
199,18.2508,-9.8407,28.5987,0.730364,17.8112,-10.3055,28.5511,0.730364,0.452211
200,17.6583,-10.3005,28.9342,0.729921,17.1585,-10.7525,28.8866,0.729921,0.475904
201,17.2499,-10.9296,29.2694,0.729479,16.6892,-11.3893,29.2218,0.729479,0.510221
202,17.0711,-11.6579,29.6044,0.729036,16.4554,-12.1449,29.5568,0.729036,0.551333
203,17.1414,-12.4046,29.939,0.728593,16.4827,-12.9353,29.8914,0.728593,0.594676
204,17.4529,-13.0869,30.2734,0.728151,16.7679,-13.6729,30.2258,0.728151,0.635462
205,17.9708,-13.6293,30.6074,0.727708,17.2792,-14.2761,30.5598,0.727708,0.669208
206,18.6379,-13.9722,30.9412,0.727266,17.9598,-14.6785,30.8936,0.727266,0.692226
207,19.3773,-14.0979,31.2475,0.684955,18.724,-14.8543,31.1989,0.684955,0.704814
208,20.1225,-14.0138,31.5283,0.642644,19.5016,-14.8108,31.4788,0.642644,0.708941
209,20.822,-13.7433,31.785,0.600333,20.2381,-14.5721,31.7348,0.600333,0.706381
210,21.4397,-13.3179,32.0191,0.558022,20.8954,-14.1707,31.9682,0.558022,0.698594
211,21.9537,-12.7717,32.2316,0.515711,21.4505,-13.6419,32.1802,0.515711,0.68672
212,22.354,-12.1374,32.4237,0.4734,21.8925,-13.0192,32.3718,0.4734,0.67163
213,22.6395,-11.4439,32.5962,0.431089,22.2197,-12.3321,32.5439,0.431089,0.653989
214,22.8155,-10.7149,32.7498,0.388778,22.4372,-11.6052,32.6971,0.388778,0.634309
215,22.8915,-9.96872,32.8852,0.346467,22.5543,-10.8575,32.8322,0.346467,0.612995
216,22.8803,-9.2188,33.0017,0.301188,22.5836,-10.103,32.9484,0.301188,0.590447
217,22.7957,-8.47359,33.0998,0.255909,22.539,-9.35073,33.0463,0.255909,0.566916
218,22.6516,-7.73756,33.18,0.21063,22.4344,-8.60563,33.1263,0.21063,0.542622
219,22.4618,-7.01197,33.2426,0.165351,22.2838,-7.86943,33.1887,0.165351,0.517756
220,22.2394,-6.29571,33.2878,0.120072,22.1002,-7.14147,33.2338,0.120072,0.492492
221,21.9969,-5.58598,33.3159,0.074793,21.8963,-6.41939,33.2618,0.074793,0.466992
222,21.7466,-4.87898,33.327,0.0295141,21.6847,-5.69983,33.2729,0.0295141,0.441414
223,21.5005,-4.17051,33.3211,-0.0157648,21.4772,-4.97907,33.2669,-0.0157648,0.415919
224,21.2707,-3.45659,33.2982,-0.0610438,21.2863,-4.25358,33.244,-0.0610438,0.406303
225,21.0591,-2.73706,33.2727,-0.0676613,21.1139,-3.52342,33.2186,-0.0676613,0.420575
226,20.8677,-2.0119,33.2448,-0.0742789,20.9619,-2.78868,33.1907,-0.0742789,0.435505
227,20.6983,-1.28126,33.2144,-0.0808965,20.8323,-2.04962,33.1603,-0.0808965,0.451141
228,20.5532,-0.545451,33.1815,-0.0875141,20.727,-1.30663,33.1274,-0.0875141,0.467525
229,20.4341,0.195041,33.1461,-0.0941317,20.6482,-0.560314,33.092,-0.0941317,0.484696
230,20.3432,0.939512,33.1082,-0.100749,20.5976,0.188521,33.0541,-0.100749,0.502688
231,20.2825,1.68705,33.0678,-0.107367,20.5773,0.938859,33.0137,-0.107367,0.521529
232,20.2539,2.4365,33.0249,-0.113984,20.5893,1.68945,32.9708,-0.113984,0.54124
233,20.2593,3.18648,32.9794,-0.120602,20.6354,2.43882,32.9253,-0.120602,0.561837
234,20.2881,3.93593,32.9484,-0.0824741,20.7045,3.18598,32.8944,-0.0824741,0.583215
235,20.3293,4.6848,32.9318,-0.0443462,20.7861,3.93163,32.8778,-0.0443462,0.605008
236,20.3722,5.43357,32.9295,-0.00621827,20.8694,4.677,32.8755,-0.00621827,0.626882
237,20.4061,6.1828,32.9414,0.0319097,20.9437,5.42336,32.8874,0.0319097,0.648513
238,20.4204,6.93267,32.9677,0.0700376,20.9985,6.17162,32.9137,0.0700376,0.669559
239,20.4041,7.68249,33.0084,0.108165,21.0227,6.92185,32.9544,0.108165,0.689646
240,20.3464,8.43027,33.0637,0.146293,21.0056,7.67279,33.0096,0.146293,0.708342
241,20.2366,9.17219,33.1337,0.184421,20.9361,8.4214,33.0794,0.184421,0.725139
242,20.0643,9.90213,33.2185,0.222549,20.8034,9.16229,33.1642,0.222549,0.739448
243,19.8172,10.6103,33.3225,0.270368,20.5944,9.88678,33.2679,0.270368,0.750332
244,19.4848,11.2825,33.446,0.318187,20.2975,10.5817,33.3911,0.318187,0.756797
245,19.0594,11.9003,33.5897,0.366006,19.9035,11.2289,33.5345,0.366006,0.757745
246,18.5386,12.4399,33.7544,0.413824,19.4077,11.8049,33.6988,0.413824,0.752053
247,17.9267,12.8736,33.941,0.461643,18.812,12.2815,33.8849,0.461643,0.738709
248,17.238,13.1706,34.1504,0.509462,18.1277,12.6262,34.0938,0.509462,0.717048
249,16.4992,13.2999,34.3841,0.557281,17.3787,12.8053,34.3269,0.557281,0.687076
250,15.752,13.2355,34.6435,0.6051,16.6043,12.7879,34.5855,0.6051,0.649921
251,15.0535,12.9624,34.9303,0.652918,15.8605,12.5527,34.8713,0.652918,0.608359
252,14.4646,12.498,35.2253,0.666464,15.2154,12.1108,35.1662,0.666464,0.568991
253,14.0412,11.8789,35.5285,0.680009,14.7301,11.4954,35.4694,0.680009,0.536168
254,13.8282,11.1598,35.8403,0.693554,14.4557,10.7594,35.781,0.693554,0.513989
255,13.8524,10.4102,36.1607,0.7071,14.4264,9.97236,36.1013,0.7071,0.50586
256,14.1179,9.7087,36.49,0.720645,14.653,9.21597,36.4306,0.720645,0.513919
257,14.6011,9.13514,36.8285,0.73419,15.1185,8.57551,36.7689,0.73419,0.538498
258,15.2509,8.7606,37.1762,0.747735,15.7758,8.13003,37.1166,0.747735,0.577721
259,15.9906,8.637,37.5336,0.761281,16.5494,7.94113,37.4738,0.761281,0.627344
260,16.7254,8.78718,37.9007,0.774826,17.342,8.04185,37.8408,0.774826,0.680936
261,17.3667,9.17608,38.2443,0.741644,18.0482,8.40227,38.1836,0.741644,0.727626
262,17.8524,9.74761,38.5656,0.708463,18.5999,8.96438,38.5042,0.708463,0.765357
263,18.1472,10.4372,38.8659,0.675281,18.9576,9.66086,38.804,0.675281,0.793366
264,18.2396,11.1815,39.1463,0.642099,19.107,10.4252,39.0839,0.642099,0.811799
265,18.1365,11.9244,39.4078,0.608918,19.0533,11.1985,39.3449,0.608918,0.821322
266,17.8574,12.6205,39.6512,0.575736,18.8153,11.9327,39.5879,0.575736,0.822859
267,17.4294,13.2364,39.8773,0.542554,18.42,12.5922,39.8136,0.542554,0.817427
268,16.8826,13.7497,40.0868,0.509372,17.8978,13.1529,40.0228,0.509372,0.806034
269,16.2474,14.1485,40.2802,0.476191,17.2793,13.6012,40.2159,0.476191,0.789628
270,15.5537,14.4336,40.4507,0.426789,16.5965,13.9365,40.3858,0.426789,0.769939
271,14.8254,14.6128,40.5994,0.377388,15.8739,14.1662,40.534,0.377388,0.747577
272,14.0803,14.698,40.727,0.327986,15.1301,14.3017,40.6612,0.327986,0.723072
273,13.3303,14.7028,40.8342,0.278584,14.3778,14.3566,40.7682,0.278584,0.696868
274,12.5827,14.6421,40.9217,0.229183,13.6251,14.3458,40.8554,0.229183,0.669348
275,11.8411,14.5307,40.9899,0.179781,12.8759,14.2838,40.9233,0.179781,0.640848
276,11.1058,14.3829,41.039,0.13038,12.1315,14.1853,40.9723,0.13038,0.611669
277,10.3753,14.2128,41.0695,0.0809781,11.391,14.0643,41.0027,0.0809781,0.582089
278,9.64691,14.0341,41.0813,0.0315766,10.6522,13.9346,41.0144,0.0315766,0.552377
279,8.91928,13.8523,41.0856,0.0113747,9.91405,13.8018,41.0187,0.0113747,0.5226
280,8.19106,13.6729,41.0823,-0.00882721,9.17546,13.6715,41.0154,-0.00882721,0.492887
281,7.46092,13.5014,41.0714,-0.0290291,8.43545,13.5492,41.0045,-0.0290291,0.511156
282,6.72775,13.3434,41.0529,-0.049231,7.69323,13.4405,40.986,-0.049231,0.531294
283,5.9907,13.2047,41.0268,-0.0694329,6.94831,13.3513,40.96,-0.0694329,0.552112
284,5.24939,13.0908,40.9931,-0.0896347,6.20063,13.2871,40.9263,-0.0896347,0.573786
285,4.50401,13.0077,40.9518,-0.109837,5.45072,13.2539,40.8849,-0.109837,0.59648
286,3.75546,12.9612,40.9027,-0.130039,4.69983,13.2575,40.8359,-0.130039,0.620339
287,3.00547,12.9572,40.846,-0.15024,3.95004,13.3036,40.7792,-0.15024,0.645485
288,2.2561,12.988,40.7997,-0.122669,3.20359,13.3843,40.733,-0.122669,0.671931
289,1.5083,13.0455,40.764,-0.0950977,2.46082,13.4916,40.6972,-0.0950977,0.699332
290,0.762211,13.1219,40.7386,-0.0675264,1.72125,13.6177,40.6719,-0.0675264,0.727382
291,0.017348,13.2096,40.7236,-0.039955,0.983792,13.7547,40.6569,-0.039955,0.755809
292,-0.7271,13.3006,40.719,-0.0123837,0.247057,13.8952,40.6523,-0.0123837,0.784361
293,-1.47206,13.3875,40.7247,0.0151876,-0.49047,14.0315,40.658,0.0151876,0.812791
294,-2.21831,13.4624,40.7407,0.042759,-1.23017,14.1559,40.674,0.042759,0.840849
295,-2.96628,13.5175,40.7671,0.0703303,-1.97306,14.2608,40.7004,0.0703303,0.868268
296,-3.71577,13.5451,40.8039,0.0979016,-2.71956,14.3384,40.7372,0.0979016,0.894749
297,-4.46563,13.5307,40.8598,0.147897,-3.46986,14.3742,40.793,0.147897,0.919625
298,-5.2123,13.4601,40.935,0.197893,-4.22169,14.3538,40.868,0.197893,0.942132
299,-5.94892,13.3191,41.0299,0.247888,-4.96947,14.2623,40.9627,0.247888,0.961338
300,-6.66445,13.0943,41.1451,0.297884,-5.70341,14.0855,41.0776,0.297884,0.976114
301,-7.34291,12.7746,41.281,0.34788,-6.40859,13.8106,41.2132,0.34788,0.985142
302,-7.96278,12.3524,41.4386,0.397875,-7.06424,13.4278,41.3704,0.397875,0.986962
303,-8.49696,11.826,41.6188,0.447871,-7.64335,12.9325,41.5501,0.447871,0.98009
304,-8.91353,11.2023,41.8226,0.497866,-8.11313,12.3283,41.7533,0.497866,0.963229
305,-9.17777,10.5004,42.0514,0.547862,-8.43653,11.6304,41.9815,0.547862,0.935613
306,-9.26562,9.75554,42.2941,0.574316,-8.58395,10.8729,42.2239,0.574316,0.89949
307,-9.16128,9.01284,42.5511,0.60077,-8.53467,10.1001,42.4806,0.60077,0.856935
308,-8.86136,8.32542,42.8229,0.627224,-8.27971,9.36595,42.7522,0.627224,0.811097
309,-8.37897,7.75114,43.1102,0.653678,-7.82627,8.73096,43.0391,0.653678,0.766261
310,-7.74706,7.34717,43.4135,0.680133,-7.20191,8.25734,43.3421,0.680133,0.727659
311,-7.02014,7.16256,43.7336,0.706587,-6.45717,8.00166,43.6619,0.706587,0.701031
312,-6.2731,7.22918,44.0712,0.733041,-5.66568,8.00549,43.9991,0.733041,0.691865
313,-5.59615,7.55203,44.4273,0.759495,-4.92027,8.28478,44.3547,0.759495,0.704311
314,-5.08449,8.1004,44.8023,0.785398,-4.3239,8.81933,44.7293,0.785398,0.739759
315,-4.7983,8.79365,45.1616,0.763989,-3.95649,9.52642,45.0882,0.763989,0.787293
316,-4.76282,9.54281,45.5058,0.74258,-3.85079,10.3125,45.4321,0.74258,0.84084
317,-4.97179,10.2631,45.8354,0.721171,-4.00549,11.0868,45.7615,0.721171,0.894987
318,-5.39407,10.8829,46.1512,0.699762,-4.39212,11.7716,46.0769,0.699762,0.945318
319,-5.9817,11.349,46.4534,0.678352,-4.96339,12.3078,46.3789,0.678352,0.988549
320,-6.67783,11.6281,46.7426,0.656943,-5.66166,12.6569,46.6679,0.656943,1.02251
321,-7.42373,11.7064,47.0192,0.635534,-6.42631,12.801,46.9443,0.635534,1.04601
322,-8.16418,11.5872,47.2836,0.614125,-7.19965,12.74,47.2085,0.614125,1.05871
323,-8.85134,11.2866,47.5362,0.592716,-7.93096,12.488,47.4609,0.592716,1.06089
324,-9.45351,10.8396,47.7625,0.543127,-8.58285,12.0804,47.6864,0.543127,1.05576
325,-9.95389,10.2809,47.9643,0.493538,-9.13687,11.5529,47.8874,0.493538,1.04451
326,-10.3472,9.6423,48.1426,0.443949,-9.58648,10.938,48.0652,0.443949,1.02821
327,-10.6365,8.95034,48.2987,0.39436,-9.93373,10.263,48.2207,0.39436,1.00775
328,-10.8303,8.2258,48.4334,0.344771,-10.1864,9.54975,48.355,0.344771,0.983903
329,-10.9404,7.48392,48.5474,0.295182,-10.356,8.8142,48.4687,0.295182,0.957346
330,-10.9803,6.73499,48.6414,0.245593,-10.4555,8.06753,48.5624,0.245593,0.928665
331,-10.9645,5.98515,48.7158,0.196004,-10.4993,7.31674,48.6366,0.196004,0.898375
332,-10.9072,5.23735,48.7711,0.146415,-10.5016,6.56561,48.6917,0.146415,0.866939
333,-10.8178,4.49269,48.8142,0.114239,-10.4716,5.81551,48.7347,0.114239,0.834527
334,-10.7055,3.75115,48.845,0.0820617,-10.4185,5.06704,48.7655,0.0820617,0.801446
335,-10.5793,3.01184,48.8637,0.0498848,-10.3514,4.31991,48.7842,0.0498848,0.767974
336,-10.4482,2.27338,48.8704,0.0177079,-10.2794,3.57336,48.7908,0.0177079,0.734379
337,-10.3211,1.53423,48.8649,-0.0144691,-10.2115,2.82643,48.7854,-0.0144691,0.700924
338,-10.207,0.792962,48.8474,-0.046646,-10.1566,2.07832,48.7679,-0.046646,0.66788
339,-10.1149,0.04864,48.8178,-0.0788229,-10.1239,1.32871,48.7383,-0.0788229,0.644534
340,-10.054,-0.698881,48.776,-0.111,-10.1225,0.578058,48.6965,-0.111,0.67273
341,-10.0335,-1.4486,48.722,-0.143177,-10.1616,-0.172016,48.6425,-0.143177,0.70234
342,-10.0494,-2.19843,48.6736,-0.128358,-10.237,-0.919104,48.5941,-0.128358,0.733463
343,-10.0972,-2.9469,48.6308,-0.11354,-10.3441,-1.6621,48.5514,-0.11354,0.765852
344,-10.1729,-3.69308,48.5937,-0.0987214,-10.4788,-2.40043,48.5143,-0.0987214,0.799287
345,-10.272,-4.4365,48.5621,-0.083903,-10.6367,-3.13401,48.4827,-0.083903,0.833566
346,-10.3904,-5.1771,48.5362,-0.0690845,-10.8135,-3.86314,48.4568,-0.0690845,0.868511
347,-10.5239,-5.91513,48.5158,-0.0542661,-11.0051,-4.58841,48.4364,-0.0542661,0.903961
348,-10.6682,-6.6511,48.501,-0.0394477,-11.2073,-5.3107,48.4216,-0.0394477,0.939766
349,-10.8194,-7.38572,48.4918,-0.0246293,-11.4163,-6.03105,48.4124,-0.0246293,0.975791
350,-10.9732,-8.11977,48.4881,-0.00981082,-11.6279,-6.75059,48.4087,-0.00981082,1.0119
351,-11.1165,-8.85596,48.5025,0.0383789,-11.8291,-7.47318,48.4231,0.0383789,1.04768
352,-11.2357,-9.59642,48.535,0.0865687,-12.0068,-8.20223,48.4556,0.0865687,1.08263
353,-11.3172,-10.342,48.5859,0.134758,-12.1474,-8.93991,48.5064,0.134758,1.11616
354,-11.3467,-11.0914,48.6553,0.182948,-12.2368,-9.68637,48.5756,0.182948,1.14755
355,-11.3101,-11.8405,48.7435,0.231138,-12.2603,-10.4389,48.6637,0.231138,1.1759
356,-11.1933,-12.5814,48.8511,0.279328,-12.2031,-11.191,48.771,0.279328,1.20006
357,-10.9833,-13.3014,48.9785,0.327518,-12.0509,-11.9316,48.8981,0.327518,1.21866
358,-10.6695,-13.9825,49.1264,0.375707,-11.791,-12.6438,49.0457,0.375707,1.23012
359,-10.2455,-14.6012,49.2956,0.423897,-11.4142,-13.3045,49.2145,0.423897,1.2327
360,-9.71415,-15.1305,49.4819,0.461153,-10.9206,-13.8861,49.4005,0.461153,1.2254
361,-9.08658,-15.5412,49.686,0.498408,-10.3178,-14.3578,49.6043,0.498408,1.20728
362,-8.38383,-15.8032,49.9086,0.535664,-9.62353,-14.6869,49.8265,0.535664,1.17801
363,-7.63878,-15.8892,50.1505,0.57292,-8.86768,-14.8417,50.0679,0.57292,1.13819
364,-6.8969,-15.7792,50.4127,0.610175,-8.09374,-14.7965,50.3296,0.610175,1.08978
365,-6.21542,-15.466,50.6963,0.647431,-7.35889,-14.5366,50.6126,0.647431,1.03644
366,-5.66003,-14.962,51.0024,0.684687,-6.73159,-14.0659,50.9181,0.684687,0.983785
367,-5.29807,-14.3051,51.3326,0.721942,-6.28579,-13.4142,51.2476,0.721942,0.939326
368,-5.18762,-13.5633,51.6885,0.759198,-6.09077,-12.6426,51.6026,0.759198,0.911922
369,-5.33842,-12.8286,52.0387,0.751267,-6.1726,-11.8521,51.9528,0.751267,0.905315
370,-5.72861,-12.1881,52.3834,0.743336,-6.51653,-11.1373,52.2975,0.743336,0.919364
371,-6.30971,-11.7139,52.7227,0.735405,-7.07812,-10.5788,52.6367,0.735405,0.951748
372,-7.01411,-11.4564,53.0566,0.727473,-7.79072,-10.2362,52.9705,0.727473,0.998401
373,-7.76393,-11.44,53.3852,0.719542,-8.57457,-10.1424,53.2991,0.719542,1.05411
374,-8.48011,-11.6627,53.7086,0.711611,-9.34634,-10.3027,53.6224,0.711611,1.11312
375,-9.09065,-12.0983,54.0268,0.70368,-10.028,-10.6961,53.9406,0.70368,1.16979
376,-9.53731,-12.7008,54.3399,0.695749,-10.5543,-11.2797,54.2537,0.695749,1.21905
377,-9.78022,-13.4103,54.648,0.687818,-10.8781,-11.9946,54.5618,0.687818,1.25684
378,-9.81729,-14.1594,54.9284,0.641992,-10.9896,-12.7653,54.8412,0.641992,1.28324
379,-9.66463,-14.8937,55.1829,0.596166,-10.9034,-13.5342,55.0947,0.596166,1.29916
380,-9.34852,-15.5738,55.413,0.55034,-10.6451,-14.259,55.3241,0.55034,1.30572
381,-8.89933,-16.1745,55.62,0.504514,-10.245,-14.912,55.5305,0.504514,1.30407
382,-8.34724,-16.6821,55.8052,0.458687,-9.73341,-15.4776,55.7152,0.458687,1.29532
383,-7.71956,-17.0926,55.9695,0.412861,-9.13825,-15.9503,55.879,0.412861,1.28052
384,-7.03942,-17.4087,56.1136,0.367035,-8.48331,-16.3313,56.0228,0.367035,1.26065
385,-6.32523,-17.6377,56.2384,0.321209,-7.7878,-16.6271,56.1472,0.321209,1.23659
386,-5.59083,-17.7898,56.3444,0.275383,-7.06646,-16.8472,56.2529,0.275383,1.20914
387,-4.84578,-17.8759,56.4337,0.233794,-6.32955,-17.0019,56.342,0.233794,1.1789
388,-4.09644,-17.9074,56.5067,0.192206,-5.5843,-17.1023,56.4148,0.192206,1.14647
389,-3.34653,-17.8962,56.5636,0.150617,-4.83533,-17.1602,56.4716,0.150617,1.11243
390,-2.5977,-17.8543,56.6046,0.109028,-4.08519,-17.1873,56.5126,0.109028,1.07725
391,-1.85018,-17.7934,56.6299,0.0674394,-3.33499,-17.1954,56.5378,0.0674394,1.04141
392,-1.10328,-17.7253,56.6396,0.0258507,-2.58496,-17.1963,56.5475,0.0258507,1.00534
393,-0.355989,-17.6615,56.6337,-0.015738,-1.83496,-17.2016,56.5416,-0.015738,0.969471
394,0.392497,-17.6139,56.6122,-0.0573268,-1.08509,-17.223,56.5201,-0.0573268,0.934252
395,1.14224,-17.5942,56.575,-0.0989155,-0.336197,-17.2723,56.4829,-0.0989155,0.900154
396,1.8922,-17.6021,56.5381,-0.0980304,0.410365,-17.3492,56.446,-0.0980304,0.867371
397,2.64136,-17.6374,56.5016,-0.0971453,1.15361,-17.4533,56.4095,-0.0971453,0.835938
398,3.38876,-17.6998,56.4654,-0.0962602,1.89259,-17.5842,56.3733,-0.0962602,0.805882
399,4.13344,-17.789,56.4295,-0.0953751,2.62639,-17.7415,56.3374,-0.0953751,0.777231
400,4.87449,-17.9045,56.394,-0.09449,3.35413,-17.9249,56.3019,-0.09449,0.770344
401,5.611,-18.0461,56.3587,-0.0936049,4.07496,-18.1337,56.2667,-0.0936049,0.811806
402,6.34213,-18.2133,56.3239,-0.0927198,4.78806,-18.3675,56.2318,-0.0927198,0.854145
403,7.06705,-18.4056,56.2893,-0.0918347,5.49265,-18.6258,56.1973,-0.0918347,0.897301
404,7.78497,-18.6226,56.2551,-0.0909496,6.18799,-18.9081,56.1631,-0.0909496,0.941214
405,8.49884,-18.8526,56.237,-0.0484045,6.87781,-19.2027,56.145,-0.0484045,0.985571
406,9.21219,-19.0842,56.2348,-0.00585929,7.56688,-19.4989,56.1428,-0.00585929,1.02999
407,9.92867,-19.3059,56.2485,0.0366859,8.26001,-19.7855,56.1565,0.0366859,1.07412
408,10.6514,-19.5062,56.2783,0.0792311,8.96161,-20.0515,56.1863,0.0792311,1.11755
409,11.3826,-19.6731,56.3242,0.121776,9.67509,-20.2852,56.2321,0.121776,1.15981
410,12.1228,-19.7943,56.3864,0.164321,10.4023,-20.4745,56.2942,0.164321,1.20029
411,12.8701,-19.8569,56.4651,0.206867,11.143,-20.6062,56.3728,0.206867,1.23822
412,13.6201,-19.848,56.5606,0.249412,11.8939,-20.6671,56.4681,0.249412,1.27262
413,14.3643,-19.7547,56.6733,0.291957,12.6483,-20.6433,56.5806,0.291957,1.30227
414,15.0898,-19.5648,56.8047,0.337046,13.3948,-20.521,56.7118,0.337046,1.32564
415,15.7786,-19.2681,56.9554,0.382136,14.1165,-20.288,56.8622,0.382136,1.341
416,16.407,-18.8586,57.1262,0.427225,14.7905,-19.9351,57.0325,0.427225,1.34648
417,16.9459,-18.337,57.3177,0.472315,15.3878,-19.4593,57.2237,0.472315,1.34023
418,17.3621,-17.7131,57.5312,0.517404,15.8735,-18.866,57.4366,0.517404,1.32075
419,17.6206,-17.0091,57.7676,0.562493,16.2096,-18.1726,57.6724,0.562493,1.28727
420,17.6889,-16.2622,58.0283,0.607583,16.358,-17.412,57.9324,0.607583,1.24035
421,17.5432,-15.5265,58.315,0.652672,16.2869,-16.6352,58.2182,0.652672,1.18254
422,17.1771,-14.8719,58.6294,0.697762,15.979,-15.9121,58.5317,0.697762,1.11915
423,16.6245,-14.3648,58.9478,0.70394,15.4597,-15.3205,58.8501,0.70394,1.06026
424,15.9397,-14.0589,59.2702,0.710119,14.7792,-14.9233,59.1724,0.710119,1.01245
425,15.193,-13.9888,59.5966,0.716298,14.0063,-14.7648,59.4989,0.716298,0.981318
426,14.464,-14.1649,59.9272,0.722476,13.2229,-14.8655,59.8294,0.722476,0.970851
427,13.8332,-14.5706,60.2619,0.728655,12.5149,-15.2181,60.1641,0.728655,0.982857
428,13.3732,-15.163,60.6008,0.734834,11.9635,-15.7864,60.5029,0.734834,1.01656
429,13.1392,-15.8756,60.9439,0.741012,11.6346,-16.5079,60.846,0.741012,1.06848
430,13.1619,-16.6252,61.2912,0.747191,11.5706,-17.2993,61.1933,0.747191,1.13267
431,13.4414,-17.3212,61.643,0.75337,11.783,-18.0654,61.545,0.75337,1.2013
432,13.9288,-17.8912,61.9685,0.714957,12.2269,-18.7171,61.8697,0.714957,1.26396
433,14.5634,-18.291,62.2696,0.676544,12.8404,-19.2037,62.17,0.676544,1.31782
434,15.2833,-18.5012,62.5478,0.638131,13.56,-19.5005,62.4474,0.638131,1.36134
435,16.033,-18.522,62.8042,0.599719,14.3272,-19.604,62.7032,0.599719,1.39393
436,16.7669,-18.367,63.0399,0.561306,15.0936,-19.5252,62.9384,0.561306,1.41572
437,17.4504,-18.0583,63.2561,0.522893,15.8221,-19.2846,63.1541,0.522893,1.42725
438,18.0601,-17.6216,63.4535,0.48448,16.4867,-18.9069,63.3511,0.48448,1.42935
439,18.5821,-17.083,63.6328,0.446068,17.0713,-18.4182,63.5301,0.446068,1.42299
440,19.0105,-16.4674,63.7947,0.407655,17.5678,-17.8432,63.6917,0.407655,1.40921
441,19.348,-15.7976,63.9359,0.359967,17.9773,-17.206,63.8324,0.359967,1.38954
442,19.6021,-15.092,64.0569,0.31228,18.3059,-16.5258,63.9532,0.31228,1.365
443,19.7834,-14.3643,64.1585,0.264592,18.5634,-15.8173,64.0545,0.264592,1.33653
444,19.904,-13.624,64.2412,0.216904,18.7611,-15.0912,64.1369,0.216904,1.305
445,19.9769,-12.8776,64.3053,0.169217,18.9119,-14.3549,64.2008,0.169217,1.27118
446,20.0156,-12.1286,64.3511,0.121529,19.0287,-13.6133,64.2464,0.121529,1.23579
447,20.0335,-11.3788,64.3788,0.0738416,19.1249,-12.8692,64.2741,0.0738416,1.19948
448,20.044,-10.6289,64.3886,0.0261539,19.2138,-12.1245,64.2838,0.0261539,1.16289
449,20.0606,-9.87904,64.3805,-0.0215337,19.3088,-11.3805,64.2758,-0.0215337,1.12663
450,20.0869,-9.1295,64.3675,-0.0346524,19.4133,-10.6377,64.2628,-0.0346524,1.09091
451,20.1267,-8.38055,64.3496,-0.0477712,19.5312,-9.89694,64.2448,-0.0477712,1.05592
452,20.1836,-7.63271,64.3267,-0.0608899,19.666,-9.15896,64.222,-0.0608899,1.02189
453,20.2612,-6.88674,64.2989,-0.0740087,19.8213,-8.42491,64.1942,-0.0740087,0.989034
454,20.3633,-6.14372,64.2662,-0.0871274,20.0006,-7.69623,64.1614,-0.0871274,0.957599
455,20.4932,-5.40507,64.2285,-0.100246,20.2072,-6.97471,64.1237,-0.100246,0.927834
456,20.6546,-4.67264,64.1858,-0.113365,20.4445,-6.26251,64.081,-0.113365,0.900006
457,20.8508,-3.94873,64.1381,-0.126484,20.7155,-5.56227,64.0333,-0.126484,0.874396
458,21.0847,-3.23616,64.0854,-0.139602,21.0231,-4.8771,63.9807,-0.139602,0.851296
459,21.347,-2.5335,64.0454,-0.106091,21.3575,-4.20515,63.9408,-0.106091,0.841109
460,21.6283,-1.83826,64.0182,-0.0725795,21.71,-3.54283,63.9136,-0.0725795,0.893175
461,21.9197,-1.1472,64.0035,-0.039068,22.0721,-2.88592,63.8989,-0.039068,0.945544
462,22.2126,-0.456761,64.0014,-0.00555653,22.4355,-2.22982,63.8969,-0.00555653,0.997961
463,22.4983,0.236716,64.0119,0.0279549,22.792,-1.56992,63.9073,0.0279549,1.05018
464,22.7678,0.936599,64.035,0.0614664,23.1332,-0.901838,63.9304,0.0614664,1.10193
465,23.0122,1.64566,64.0707,0.0949778,23.4506,-0.221751,63.9661,0.0949778,1.15289
466,23.222,2.36573,64.1192,0.128489,23.7348,0.473258,64.0145,0.128489,1.20264
467,23.3873,3.0973,64.1805,0.162001,23.9762,1.18485,64.0757,0.162001,1.25068
468,23.4932,3.83978,64.2609,0.211332,24.16,1.91446,64.156,0.211332,1.29605
469,23.5245,4.58912,64.3609,0.260664,24.2705,2.66003,64.2558,0.260664,1.33757
470,23.4657,5.33682,64.4811,0.309995,24.2913,3.41511,64.3756,0.309995,1.37367
471,23.3026,6.06886,64.6219,0.359326,24.2062,4.16769,64.5162,0.359326,1.40242
472,23.0232,6.76489,64.7843,0.408658,24.0006,4.8991,64.6781,0.408658,1.42158
473,22.6207,7.39772,64.9692,0.457989,23.6635,5.58321,64.8625,0.457989,1.42867
474,22.0959,7.93356,65.1776,0.50732,23.191,6.18612,65.0703,0.50732,1.42125
475,21.4615,8.33352,65.411,0.556652,22.5896,6.66701,65.303,0.556652,1.3973
476,20.7455,8.55703,65.6708,0.605983,21.8812,6.9808,65.562,0.605983,1.35595
477,19.9959,8.58073,65.9418,0.625779,21.1126,7.09455,65.8329,0.625779,1.30141
478,19.2694,8.39456,66.2243,0.645576,20.3403,6.99,66.1152,0.645576,1.23773
479,18.6281,8.00565,66.5186,0.665372,19.629,6.66569,66.4093,0.665372,1.17041
480,18.134,7.4414,66.8251,0.685168,19.046,6.14084,66.7156,0.685168,1.1063
481,17.8419,6.75064,67.1441,0.704964,18.6549,5.4577,67.0344,0.704964,1.05298
482,17.7908,6.00238,67.4762,0.724761,18.5061,4.68162,67.3663,0.724761,1.018
483,17.9963,5.28107,67.8217,0.744557,18.6282,3.89761,67.7116,0.744557,1.00767
484,18.4424,4.67817,68.1813,0.764353,19.0188,3.20297,68.0709,0.764353,1.0258
485,19.078,4.27997,68.5553,0.784149,19.6381,2.69548,68.4446,0.784149,1.07232
486,19.8121,4.12658,68.9091,0.75621,20.3904,2.43705,68.7978,0.75621,1.13388
487,20.5559,4.22265,69.2435,0.728271,21.1811,2.44104,69.1317,0.728271,1.20336
488,21.2331,4.54517,69.5596,0.700331,21.927,2.69023,69.4473,0.700331,1.27444
489,21.7853,5.05259,69.8581,0.672392,22.563,3.14628,69.7455,0.672392,1.34199
490,22.1747,5.69358,70.1399,0.644452,23.0444,3.75891,70.0269,0.644452,1.40217
491,22.3821,6.41433,70.4057,0.616513,23.3462,4.47378,70.2923,0.616513,1.45231
492,22.4045,7.164,70.656,0.588573,23.4606,5.23836,70.5424,0.588573,1.49086
493,22.2514,7.89821,70.8914,0.560634,23.3933,6.00587,70.7775,0.560634,1.5171
494,21.941,8.58097,71.1125,0.532694,23.1597,6.73756,70.9983,0.532694,1.53103
495,21.5033,9.18999,71.309,0.482707,22.7893,7.40608,71.1942,0.482707,1.53497
496,20.9672,9.71445,71.4822,0.432719,22.3112,7.99823,71.3668,0.432719,1.53012
497,20.3583,10.1523,71.6332,0.382731,21.7514,8.50991,71.5173,0.382731,1.51775
498,19.6979,10.5078,71.7628,0.332743,21.1319,8.94369,71.6465,0.332743,1.49908
499,19.0028,10.7894,71.8718,0.282756,20.4706,9.30669,71.7551,0.282756,1.47527
